Type of professional,Province/territory,Health region,2015,2016,2017,2018,2019,2020,2021,2022,2023,2024,,,,,,,,,,,,,,
Nurse practitioners,Newfoundland and Labrador,Newfoundland and Labrador (regional integrated health authorities) (total),125,137,151,153,171,180,194,218,246,264,,,,,,,,,,,,,,
Nurse practitioners,Newfoundland and Labrador,Eastern–Urban Zone,57,60,67,67,71,79,91,105,132,157,,,,,,,,,,,,,,
Nurse practitioners,Newfoundland and Labrador,Eastern–Rural Zone,12,14,15,18,23,25,25,28,26,25,,,,,,,,,,,,,,
Nurse practitioners,Newfoundland and Labrador,Central Zone,25,26,28,33,32,30,34,39,36,35,,,,,,,,,,,,,,
Nurse practitioners,Newfoundland and Labrador,Western Zone,13,16,20,19,22,23,26,27,30,26,,,,,,,,,,,,,,
Nurse practitioners,Newfoundland and Labrador,Labrador–Grenfell Zone,18,21,21,16,23,20,15,16,18,17,,,,,,,,,,,,,,
Nurse practitioners,Newfoundland and Labrador,Other*,0,0,0,0,0,3,3,3,4,4,,,,,,,,,,,,,,
Nurse practitioners,Prince Edward Island,Prince Edward Island (total),13,21,23,26,36,42,—,54,64,—,,,,,,,,,,,,,,
Nurse practitioners,Prince Edward Island,Health PEI,13,21,23,26,36,42,—,54,64,—,,,,,,,,,,,,,,
Nurse practitioners,Nova Scotia,Nova Scotia (district health authorities) (total),138,134,149,165,192,199,221,251,295,—,,,,,,,,,,,,,,
Nurse practitioners,Nova Scotia,Western Zone,32,34,35,34,40,40,43,48,—,—,,,,,,,,,,,,,,
Nurse practitioners,Nova Scotia,Northern Zone,13,12,13,16,23,24,27,35,—,—,,,,,,,,,,,,,,
Nurse practitioners,Nova Scotia,Eastern Zone,20,20,24,26,28,27,43,42,—,—,,,,,,,,,,,,,,
Nurse practitioners,Nova Scotia,Central Zone,71,68,77,89,100,105,104,124,—,—,,,,,,,,,,,,,,
Nurse practitioners,Nova Scotia,Other*,2,0,0,0,1,3,4,2,—,—,,,,,,,,,,,,,,
Nurse practitioners,New Brunswick,New Brunswick (total),100,107,113,121,130,139,146,158,171,211,,,,,,,,,,,,,,
Nurse practitioners,New Brunswick,Zone 1 (Moncton Area),27,29,29,32,31,40,42,43,44,49,,,,,,,,,,,,,,
Nurse practitioners,New Brunswick,Zone 2 (Saint John Area),29,31,31,30,29,31,32,41,29,31,,,,,,,,,,,,,,
Nurse practitioners,New Brunswick,Zone 3 (Fredericton Area),22,25,26,30,36,36,34,39,56,85,,,,,,,,,,,,,,
Nurse practitioners,New Brunswick,Zone 4 (Edmundston Area),4,5,6,6,7,6,7,8,7,7,,,,,,,,,,,,,,
Nurse practitioners,New Brunswick,Zone 5 (Campbellton Area),6,4,6,6,7,8,8,9,11,13,,,,,,,,,,,,,,
Nurse practitioners,New Brunswick,Zone 6 (Bathurst Area),10,9,11,12,14,11,12,12,14,16,,,,,,,,,,,,,,
Nurse practitioners,New Brunswick,Zone 7 (Miramichi Area),2,4,4,5,6,7,8,6,4,6,,,,,,,,,,,,,,
Nurse practitioners,New Brunswick,Other*,0,0,0,0,0,0,3,0,6,4,,,,,,,,,,,,,,
Nurse practitioners,Quebec,Quebec (health regions) (total),297,370,420,481,519,655,910,"1,133","1,341","1,540",,,,,,,,,,,,,,
Nurse practitioners,Quebec,Bas-Saint-Laurent Region,6,4,7,10,9,8,12,15,17,25,,,,,,,,,,,,,,
Nurse practitioners,Quebec,Saguenay–Lac-Saint-Jean Region,7,6,8,12,14,13,19,22,37,44,,,,,,,,,,,,,,
Nurse practitioners,Quebec,Capitale-Nationale Region,33,38,45,44,51,69,99,127,145,158,,,,,,,,,,,,,,
Nurse practitioners,Quebec,Mauricie et Centre-du-Québec Region,25,33,34,38,41,48,59,80,93,103,,,,,,,,,,,,,,
Nurse practitioners,Quebec,Estrie Region,20,26,31,36,35,42,52,61,67,81,,,,,,,,,,,,,,
Nurse practitioners,Quebec,Montréal Region,80,106,113,135,149,200,287,362,439,458,,,,,,,,,,,,,,
Nurse practitioners,Quebec,Outaouais Region,13,15,16,19,20,26,36,38,48,52,,,,,,,,,,,,,,
Nurse practitioners,Quebec,Abitibi-Témiscamingue Region,8,10,12,14,15,16,25,27,30,26,,,,,,,,,,,,,,
Nurse practitioners,Quebec,Côte-Nord Region,2,2,3,3,4,6,6,6,8,11,,,,,,,,,,,,,,
Nurse practitioners,Quebec,Nord-du-Québec Region,1,1,1,1,1,1,1,2,3,3,,,,,,,,,,,,,,
Nurse practitioners,Quebec,Gaspésie–Îles-de-la-Madeleine Region,4,5,5,7,10,11,12,13,16,17,,,,,,,,,,,,,,
Nurse practitioners,Quebec,Chaudière-Appalaches Region,16,17,17,18,19,32,40,52,52,59,,,,,,,,,,,,,,
Nurse practitioners,Quebec,Laval Region,7,9,12,13,13,24,30,45,53,63,,,,,,,,,,,,,,
Nurse practitioners,Quebec,Lanaudière Region,22,30,34,36,35,44,57,58,68,90,,,,,,,,,,,,,,
Nurse practitioners,Quebec,Laurentides Region,21,27,26,28,31,36,53,68,85,94,,,,,,,,,,,,,,
Nurse practitioners,Quebec,Montérégie Region,30,40,53,64,71,79,122,154,177,203,,,,,,,,,,,,,,
Nurse practitioners,Quebec,Nunavik Region,0,0,1,1,0,0,0,3,3,4,,,,,,,,,,,,,,
Nurse practitioners,Quebec,Terres-Cries-de-la-Baie-James Region,1,1,2,2,1,0,0,0,0,2,,,,,,,,,,,,,,
Nurse practitioners,Quebec,Other*,1,0,0,0,0,0,0,0,0,47,,,,,,,,,,,,,,
Nurse practitioners,Ontario,Ontario (health regions) (total),"2,354","2,576","2,792","2,949","3,185","3,333","3,544","3,797","4,060","4,375",,,,,,,,,,,,,,
Nurse practitioners,Ontario,West Region,732,795,871,924,987,"1,031","1,097","1,159","1,218","1,299",,,,,,,,,,,,,,
Nurse practitioners,Ontario,Central Region,302,331,351,384,435,461,488,546,596,651,,,,,,,,,,,,,,
Nurse practitioners,Ontario,Toronto Region,534,606,665,704,766,815,875,932,"1,009","1,090",,,,,,,,,,,,,,
Nurse practitioners,Ontario,East Region,473,512,553,579,621,641,687,735,786,851,,,,,,,,,,,,,,
Nurse practitioners,Ontario,North East Region,213,211,217,221,223,232,245,257,269,284,,,,,,,,,,,,,,
Nurse practitioners,Ontario,North West Region,100,119,132,137,151,151,150,168,182,200,,,,,,,,,,,,,,
Nurse practitioners,Ontario,Other*,0,2,3,0,2,2,2,0,0,0,,,,,,,,,,,,,,
Nurse practitioners,Manitoba,Manitoba (regional health authorities) (total),126,138,153,167,—,—,—,—,—,—,,,,,,,,,,,,,,
Nurse practitioners,Manitoba,Winnipeg–Churchill Health Region,79,86,95,104,—,—,—,—,—,—,,,,,,,,,,,,,,
Nurse practitioners,Manitoba,Prairie Mountain Health Region,14,17,17,21,—,—,—,—,—,—,,,,,,,,,,,,,,
Nurse practitioners,Manitoba,Interlake–Eastern Health Region,15,14,18,19,—,—,—,—,—,—,,,,,,,,,,,,,,
Nurse practitioners,Manitoba,Northern Health Region,6,7,5,5,—,—,—,—,—,—,,,,,,,,,,,,,,
Nurse practitioners,Manitoba,Southern Health Region,12,14,18,18,—,—,—,—,—,—,,,,,,,,,,,,,,
Nurse practitioners,Manitoba,Other*,0,0,0,0,—,—,—,—,—,—,,,,,,,,,,,,,,
Nurse practitioners,Saskatchewan,Saskatchewan (regional health authorities) (total),157,175,189,194,225,196,209,236,244,226,,,,,,,,,,,,,,
Nurse practitioners,Saskatchewan,Far North Zone,15,14,14,14,22,19,19,19,18,16,,,,,,,,,,,,,,
Nurse practitioners,Saskatchewan,North Central West Zone,17,20,23,23,22,18,16,20,19,18,,,,,,,,,,,,,,
Nurse practitioners,Saskatchewan,North Central East Zone,28,32,35,39,45,29,33,36,37,35,,,,,,,,,,,,,,
Nurse practitioners,Saskatchewan,Saskatoon Zone,29,34,33,36,40,49,51,51,64,63,,,,,,,,,,,,,,
Nurse practitioners,Saskatchewan,South West Zone,25,27,26,25,30,22,22,25,29,23,,,,,,,,,,,,,,
Nurse practitioners,Saskatchewan,South East Zone,27,28,32,33,37,31,33,37,40,35,,,,,,,,,,,,,,
Nurse practitioners,Saskatchewan,Regina Zone,16,20,26,24,29,28,35,47,37,36,,,,,,,,,,,,,,
Nurse practitioners,Saskatchewan,Other*,0,0,0,0,0,0,0,1,0,0,,,,,,,,,,,,,,
Nurse practitioners,Alberta,Alberta (regional health authorities) (total),320,398,424,475,530,549,573,581,640,—,,,,,,,,,,,,,,
Nurse practitioners,Alberta,South Zone,7,9,10,13,14,18,18,19,24,—,,,,,,,,,,,,,,
Nurse practitioners,Alberta,Calgary Zone,100,143,158,173,191,202,201,206,241,—,,,,,,,,,,,,,,
Nurse practitioners,Alberta,Central Zone,3,11,14,17,21,21,24,30,34,—,,,,,,,,,,,,,,
Nurse practitioners,Alberta,Edmonton Zone,197,204,218,239,271,271,292,285,302,—,,,,,,,,,,,,,,
Nurse practitioners,Alberta,North Zone,12,26,24,33,33,37,38,40,39,—,,,,,,,,,,,,,,
Nurse practitioners,Alberta,Other*,1,5,0,0,0,0,0,1,0,—,,,,,,,,,,,,,,
Nurse practitioners,British Columbia,British Columbia (health service delivery areas) (total),202,224,309,343,420,485,577,665,764,861,,,,,,,,,,,,,,
Nurse practitioners,British Columbia,East Kootenay HSDA,4,1,5,4,4,4,5,8,9,9,,,,,,,,,,,,,,
Nurse practitioners,British Columbia,Kootenay–Boundary HSDA,5,2,5,6,9,10,11,10,13,13,,,,,,,,,,,,,,
Nurse practitioners,British Columbia,Okanagan HSDA,13,13,23,31,30,37,50,52,66,67,,,,,,,,,,,,,,
Nurse practitioners,British Columbia,Thompson/Cariboo HSDA,9,12,22,21,24,23,27,30,32,35,,,,,,,,,,,,,,
Nurse practitioners,British Columbia,Fraser East HSDA,8,9,18,17,30,33,35,42,43,43,,,,,,,,,,,,,,
Nurse practitioners,British Columbia,Fraser North HSDA,19,19,23,32,26,41,51,62,76,87,,,,,,,,,,,,,,
Nurse practitioners,British Columbia,Fraser South HSDA,17,23,30,30,44,52,57,63,63,73,,,,,,,,,,,,,,
Nurse practitioners,British Columbia,Richmond HSDA,0,1,1,1,2,3,4,10,11,18,,,,,,,,,,,,,,
Nurse practitioners,British Columbia,Vancouver HSDA,69,83,94,106,121,137,179,185,219,252,,,,,,,,,,,,,,
Nurse practitioners,British Columbia,North Shore/Coast Garibaldi HSDA,5,9,10,14,20,24,21,29,37,51,,,,,,,,,,,,,,
Nurse practitioners,British Columbia,South Vancouver Island HSDA,16,14,28,25,32,44,45,60,75,84,,,,,,,,,,,,,,
Nurse practitioners,British Columbia,Central Vancouver Island HSDA,8,9,15,24,27,26,38,45,51,52,,,,,,,,,,,,,,
Nurse practitioners,British Columbia,North Vancouver Island HSDA,9,11,11,10,13,14,12,18,19,27,,,,,,,,,,,,,,
Nurse practitioners,British Columbia,Northwest HSDA,3,2,4,2,7,9,11,14,18,14,,,,,,,,,,,,,,
Nurse practitioners,British Columbia,Northern Interior HSDA,15,11,14,20,27,20,22,27,24,28,,,,,,,,,,,,,,
Nurse practitioners,British Columbia,Northeast HSDA,2,4,4,0,3,5,5,4,6,7,,,,,,,,,,,,,,
Nurse practitioners,British Columbia,Other*,0,1,2,0,1,3,4,6,2,1,,,,,,,,,,,,,,
Nurse practitioners,Yukon,Yukon (total)†,3,4,6,7,10,14,22,20,16,—,,,,,,,,,,,,,,
Nurse practitioners,Northwest Territories/Nunavut,Northwest Territories/Nunavut (total)†,39,32,46,44,38,40,45,—,—,—,,,,,,,,,,,,,,
Nurse practitioners,Jurisdictions with available data,Jurisdictions with available data (total),"3,874","4,316","4,775","5,125","5,456","5,832","6,441","7,113","7,841","7,477",,,,,,,,,,,,,,
Registered nurses,Newfoundland and Labrador,Newfoundland and Labrador (regional integrated health authorities) (total),"5,312","5,268","5,253","5,141","5,089","5,119","5,188","5,183","5,240","5,412",,,,,,,,,,,,,,
Registered nurses,Newfoundland and Labrador,Eastern–Urban Zone,"2,901","2,886","2,834","2,775","2,765","2,787","2,837","2,878","2,932","3,091",,,,,,,,,,,,,,
Registered nurses,Newfoundland and Labrador,Eastern–Rural Zone,612,596,611,613,595,601,603,591,589,569,,,,,,,,,,,,,,
Registered nurses,Newfoundland and Labrador,Central Zone,672,686,706,684,671,662,685,650,652,656,,,,,,,,,,,,,,
Registered nurses,Newfoundland and Labrador,Western Zone,779,772,758,737,734,721,733,727,731,737,,,,,,,,,,,,,,
Registered nurses,Newfoundland and Labrador,Labrador–Grenfell Zone,347,327,344,332,322,325,303,309,300,323,,,,,,,,,,,,,,
Registered nurses,Newfoundland and Labrador,Other*,1,1,0,0,2,23,27,28,36,36,,,,,,,,,,,,,,
Registered nurses,Prince Edward Island,Prince Edward Island (total),"1,336","1,318","1,348","1,357","1,404","1,398",—,—,"1,596",—,,,,,,,,,,,,,,
Registered nurses,Prince Edward Island,Health PEI,"1,336","1,318","1,348","1,357","1,404","1,398",—,—,"1,596",—,,,,,,,,,,,,,,
Registered nurses,Nova Scotia,Nova Scotia (district health authorities) (total),"8,228","8,206","8,205","8,129","8,198","8,441","8,672","8,820","9,050",—,,,,,,,,,,,,,,
Registered nurses,Nova Scotia,Western Zone,"1,289","1,258","1,259","1,251","1,268","1,319","1,355","1,371",844,—,,,,,,,,,,,,,,
Registered nurses,Nova Scotia,Northern Zone,"1,041","1,006","1,000",986,981,"1,006","1,046","1,058",617,—,,,,,,,,,,,,,,
Registered nurses,Nova Scotia,Eastern Zone,"1,710","1,702","1,696","1,688","1,703","1,714","1,727","1,738","1,030",—,,,,,,,,,,,,,,
Registered nurses,Nova Scotia,Central Zone,"4,125","4,170","4,214","4,172","4,203","4,352","4,475","4,604","5,335",—,,,,,,,,,,,,,,
Registered nurses,Nova Scotia,Other*,63,70,36,32,43,50,69,49,"1,224",—,,,,,,,,,,,,,,
Registered nurses,New Brunswick,New Brunswick (total),"6,935","6,858","6,881","6,844","6,925","6,912","6,794","6,687","5,998","7,058",,,,,,,,,,,,,,
Registered nurses,New Brunswick,Zone 1 (Moncton Area),"1,966","1,966","1,976","1,973","1,995","2,021","1,968","1,916","1,683","2,079",,,,,,,,,,,,,,
Registered nurses,New Brunswick,Zone 2 (Saint John Area),"1,707","1,685","1,679","1,681","1,691","1,699","1,667","1,646","1,413","1,582",,,,,,,,,,,,,,
Registered nurses,New Brunswick,Zone 3 (Fredericton Area),"1,306","1,274","1,315","1,313","1,356","1,346","1,352","1,349","1,207","1,393",,,,,,,,,,,,,,
Registered nurses,New Brunswick,Zone 4 (Edmundston Area),486,485,481,482,475,456,451,464,383,447,,,,,,,,,,,,,,
Registered nurses,New Brunswick,Zone 5 (Campbellton Area),380,362,351,338,335,324,305,292,227,270,,,,,,,,,,,,,,
Registered nurses,New Brunswick,Zone 6 (Bathurst Area),707,702,696,679,688,693,680,668,606,689,,,,,,,,,,,,,,
Registered nurses,New Brunswick,Zone 7 (Miramichi Area),383,382,383,378,384,373,365,352,286,374,,,,,,,,,,,,,,
Registered nurses,New Brunswick,Other*,0,2,0,0,1,0,6,0,193,224,,,,,,,,,,,,,,
Registered nurses,Quebec,Quebec (health regions) (total),"59,746","59,919","60,439","61,591","61,585","61,812","64,079","64,631","66,019","66,598",,,,,,,,,,,,,,
Registered nurses,Quebec,Bas-Saint-Laurent Region,"1,658","1,642","1,599","1,574","1,549","1,544","1,561","1,567","1,609","1,584",,,,,,,,,,,,,,
Registered nurses,Quebec,Saguenay–Lac-Saint-Jean Region,"2,332","2,328","2,309","2,331","2,339","2,314","2,339","2,336","2,380","2,396",,,,,,,,,,,,,,
Registered nurses,Quebec,Capitale-Nationale Region,"7,914","7,897","7,948","8,021","7,998","8,034","8,200","8,144","8,257","8,393",,,,,,,,,,,,,,
Registered nurses,Quebec,Mauricie et Centre-du-Québec Region,"3,522","3,516","3,550","3,546","3,558","3,550","3,608","3,600","3,714","3,658",,,,,,,,,,,,,,
Registered nurses,Quebec,Estrie Region,"3,477","3,540","3,573","3,587","3,611","3,658","3,768","3,743","3,888","3,924",,,,,,,,,,,,,,
Registered nurses,Quebec,Montréal Region,"19,625","19,585","19,720","20,369","20,521","20,585","21,368","21,553","21,582","21,952",,,,,,,,,,,,,,
Registered nurses,Quebec,Outaouais Region,"1,890","1,896","1,926","1,964","1,919","1,954","1,984","1,967","1,976","1,957",,,,,,,,,,,,,,
Registered nurses,Quebec,Abitibi-Témiscamingue Region,"1,135","1,121","1,114","1,126","1,073","1,080","1,107","1,106","1,153","1,170",,,,,,,,,,,,,,
Registered nurses,Quebec,Côte-Nord Region,776,784,786,773,738,720,742,731,732,745,,,,,,,,,,,,,,
Registered nurses,Quebec,Nord-du-Québec Region,142,148,140,129,129,125,131,129,122,124,,,,,,,,,,,,,,
Registered nurses,Quebec,Gaspésie–Îles-de-la-Madeleine Region,822,828,820,813,786,792,808,823,885,867,,,,,,,,,,,,,,
Registered nurses,Quebec,Chaudière-Appalaches Region,"2,427","2,433","2,426","2,472","2,463","2,450","2,502","2,572","2,605","2,578",,,,,,,,,,,,,,
Registered nurses,Quebec,Laval Region,"1,928","2,120","2,220","2,269","2,168","2,301","2,524","2,614","2,772","2,831",,,,,,,,,,,,,,
Registered nurses,Quebec,Lanaudière Region,"2,352","2,303","2,319","2,376","2,405","2,360","2,442","2,477","2,585","2,664",,,,,,,,,,,,,,
Registered nurses,Quebec,Laurentides Region,"2,890","2,903","2,958","3,001","3,014","3,030","3,305","3,402","3,506","3,550",,,,,,,,,,,,,,
Registered nurses,Quebec,Montérégie Region,"6,448","6,501","6,657","6,848","6,917","6,908","7,222","7,379","7,554","7,598",,,,,,,,,,,,,,
Registered nurses,Quebec,Nunavik Region,194,202,190,205,202,205,243,261,262,271,,,,,,,,,,,,,,
Registered nurses,Quebec,Terres-Cries-de-la-Baie-James Region,157,171,184,187,195,202,225,224,229,250,,,,,,,,,,,,,,
Registered nurses,Quebec,Other*,57,1,0,0,0,0,0,3,208,86,,,,,,,,,,,,,,
Registered nurses,Ontario,Ontario (health regions) (total),"86,757","86,666","86,246","86,636","88,380","88,752","89,915","90,692","92,238","96,715",,,,,,,,,,,,,,
Registered nurses,Ontario,West Region,"25,461","25,225","24,810","24,877","25,228","25,240","25,437","25,503","25,767","27,059",,,,,,,,,,,,,,
Registered nurses,Ontario,Central Region,"13,960","14,203","14,343","14,562","15,137","15,306","15,669","16,075","17,051","18,138",,,,,,,,,,,,,,
Registered nurses,Ontario,Toronto Region,"21,947","22,026","22,022","22,074","22,556","22,631","22,905","23,063","23,441","24,656",,,,,,,,,,,,,,
Registered nurses,Ontario,East Region,"18,278","18,199","18,085","18,182","18,460","18,498","18,771","18,874","18,908","19,510",,,,,,,,,,,,,,
Registered nurses,Ontario,North East Region,"4,769","4,685","4,693","4,648","4,635","4,669","4,712","4,791","4,701","4,868",,,,,,,,,,,,,,
Registered nurses,Ontario,North West Region,"2,332","2,301","2,272","2,290","2,349","2,390","2,402","2,368","2,353","2,466",,,,,,,,,,,,,,
Registered nurses,Ontario,Other*,10,27,21,3,15,18,19,18,17,18,,,,,,,,,,,,,,
Registered nurses,Manitoba,Manitoba (regional health authorities) (total),"9,760","9,826","10,733","10,173",—,—,—,—,—,—,,,,,,,,,,,,,,
Registered nurses,Manitoba,Winnipeg–Churchill Health Region,"6,200","6,224","6,778","6,447",—,—,—,—,—,—,,,,,,,,,,,,,,
Registered nurses,Manitoba,Prairie Mountain Health Region,"1,149","1,137","1,227","1,140",—,—,—,—,—,—,,,,,,,,,,,,,,
Registered nurses,Manitoba,Interlake–Eastern Health Region,916,909,"1,004",974,—,—,—,—,—,—,,,,,,,,,,,,,,
Registered nurses,Manitoba,Northern Health Region,355,369,414,394,—,—,—,—,—,—,,,,,,,,,,,,,,
Registered nurses,Manitoba,Southern Health Region,"1,135","1,186","1,296","1,215",—,—,—,—,—,—,,,,,,,,,,,,,,
Registered nurses,Manitoba,Other*,5,1,14,3,—,—,—,—,—,—,,,,,,,,,,,,,,
Registered nurses,Saskatchewan,Saskatchewan (regional health authorities) (total),"9,030","9,211","9,350","9,458","9,770","9,688","9,870","10,095","10,252","10,465",,,,,,,,,,,,,,
Registered nurses,Saskatchewan,Far North Zone,114,129,143,130,134,144,150,144,137,136,,,,,,,,,,,,,,
Registered nurses,Saskatchewan,North Central West Zone,641,621,625,640,646,627,612,603,596,591,,,,,,,,,,,,,,
Registered nurses,Saskatchewan,North Central East Zone,780,800,810,870,887,865,866,871,867,846,,,,,,,,,,,,,,
Registered nurses,Saskatchewan,Saskatoon Zone,"3,110","3,283","3,335","3,368","3,496","3,667","3,861","3,994","4,295","4,548",,,,,,,,,,,,,,
Registered nurses,Saskatchewan,South West Zone,836,850,856,848,869,810,789,788,774,773,,,,,,,,,,,,,,
Registered nurses,Saskatchewan,South East Zone,"1,090","1,070","1,090","1,109","1,143","1,053","1,052","1,045","1,029","1,058",,,,,,,,,,,,,,
Registered nurses,Saskatchewan,Regina Zone,"2,449","2,445","2,485","2,490","2,586","2,522","2,538","2,641","2,542","2,490",,,,,,,,,,,,,,
Registered nurses,Saskatchewan,Other*,10,13,6,3,9,0,2,9,12,23,,,,,,,,,,,,,,
Registered nurses,Alberta,Alberta (regional health authorities) (total),"29,736","30,808","31,323","31,585","32,104","32,304","32,097","32,109","31,533",—,,,,,,,,,,,,,,
Registered nurses,Alberta,South Zone,"1,901","2,054","2,120","2,201","2,217","2,230","2,215","2,248","2,210",—,,,,,,,,,,,,,,
Registered nurses,Alberta,Calgary Zone,"10,741","11,702","12,088","12,120","12,289","12,464","12,484","12,576","12,428",—,,,,,,,,,,,,,,
Registered nurses,Alberta,Central Zone,"2,842","3,053","3,113","3,145","3,170","3,163","3,131","3,050","2,954",—,,,,,,,,,,,,,,
Registered nurses,Alberta,Edmonton Zone,"12,411","11,725","11,907","11,919","12,116","12,129","11,986","11,988","11,695",—,,,,,,,,,,,,,,
Registered nurses,Alberta,North Zone,"1,811","1,992","2,094","2,200","2,300","2,297","2,255","2,215","2,203",—,,,,,,,,,,,,,,
Registered nurses,Alberta,Other*,30,282,1,0,12,21,26,32,43,—,,,,,,,,,,,,,,
Registered nurses,British Columbia,British Columbia (health service delivery areas) (total),"29,138","29,762","31,820","32,321","31,375","32,980","34,904","35,392","35,853","37,313",,,,,,,,,,,,,,
Registered nurses,British Columbia,East Kootenay HSDA,423,459,465,490,461,486,514,533,551,607,,,,,,,,,,,,,,
Registered nurses,British Columbia,Kootenay–Boundary HSDA,480,498,524,525,528,552,596,596,602,642,,,,,,,,,,,,,,
Registered nurses,British Columbia,Okanagan HSDA,"2,394","2,482","2,679","2,733","2,686","2,815","2,992","3,081","3,099","3,231",,,,,,,,,,,,,,
Registered nurses,British Columbia,Thompson/Cariboo HSDA,"1,356","1,414","1,531","1,525","1,469","1,546","1,625","1,579","1,601","1,631",,,,,,,,,,,,,,
Registered nurses,British Columbia,Fraser East HSDA,"1,670","1,692","1,836","1,878","1,815","1,881","1,953","1,961","2,035","2,149",,,,,,,,,,,,,,
Registered nurses,British Columbia,Fraser North HSDA,"3,393","3,468","3,669","3,625","3,477","3,670","3,827","3,876","3,953","4,096",,,,,,,,,,,,,,
Registered nurses,British Columbia,Fraser South HSDA,"3,584","3,685","3,876","3,974","3,811","3,975","4,243","4,309","4,329","4,475",,,,,,,,,,,,,,
Registered nurses,British Columbia,Richmond HSDA,686,706,742,724,696,770,842,812,820,851,,,,,,,,,,,,,,
Registered nurses,British Columbia,Vancouver HSDA,"6,801","6,838","7,266","7,482","7,297","7,687","8,105","8,321","8,498","8,793",,,,,,,,,,,,,,
Registered nurses,British Columbia,North Shore/Coast Garibaldi HSDA,"1,330","1,356","1,448","1,465","1,402","1,493","1,610","1,611","1,656","1,744",,,,,,,,,,,,,,
Registered nurses,British Columbia,South Vancouver Island HSDA,"3,030","2,998","3,197","3,259","3,169","3,305","3,545","3,599","3,578","3,687",,,,,,,,,,,,,,
Registered nurses,British Columbia,Central Vancouver Island HSDA,"1,555","1,605","1,826","1,884","1,850","1,900","2,006","2,017","2,021","2,114",,,,,,,,,,,,,,
Registered nurses,British Columbia,North Vancouver Island HSDA,757,736,793,896,889,924,985,"1,038","1,051","1,114",,,,,,,,,,,,,,
Registered nurses,British Columbia,Northwest HSDA,424,402,444,451,423,462,494,493,494,515,,,,,,,,,,,,,,
Registered nurses,British Columbia,Northern Interior HSDA,943,982,"1,068","1,088","1,072","1,159","1,214","1,239","1,246","1,326",,,,,,,,,,,,,,
Registered nurses,British Columbia,Northeast HSDA,258,268,286,259,262,265,259,260,254,270,,,,,,,,,,,,,,
Registered nurses,British Columbia,Other*,54,173,170,63,68,90,94,67,65,68,,,,,,,,,,,,,,
Registered nurses,Yukon,Yukon (total)†,345,350,376,398,399,451,478,556,532,491,,,,,,,,,,,,,,
Registered nurses,Northwest Territories/Nunavut,Northwest Territories/Nunavut (total)†,892,902,853,719,591,842,894,"1,000",965,—,,,,,,,,,,,,,,
Registered nurses,Jurisdictions with available data,Jurisdictions with available data (total),"247,215","249,094","252,827","254,352","245,820","248,699","252,891","255,165","259,276","224,052",,,,,,,,,,,,,,
Registered psychiatric nurses,Manitoba,Manitoba (regional health authorities) (total),802,829,864,851,834,867,904,928,950,960,,,,,,,,,,,,,,
Registered psychiatric nurses,Manitoba,Winnipeg–Churchill Health Region,296,309,326,335,333,348,390,427,438,450,,,,,,,,,,,,,,
Registered psychiatric nurses,Manitoba,Prairie Mountain Health Region,234,245,247,243,233,244,239,234,243,244,,,,,,,,,,,,,,
Registered psychiatric nurses,Manitoba,Interlake–Eastern Health Region,160,162,176,166,167,174,170,172,173,176,,,,,,,,,,,,,,
Registered psychiatric nurses,Manitoba,Northern Health Region,12,14,16,15,13,14,13,11,13,13,,,,,,,,,,,,,,
Registered psychiatric nurses,Manitoba,Southern Health Region,90,91,91,86,79,75,79,74,71,75,,,,,,,,,,,,,,
Registered psychiatric nurses,Manitoba,Other*,10,8,8,6,9,12,13,10,12,2,,,,,,,,,,,,,,
Registered psychiatric nurses,Saskatchewan,Saskatchewan (regional health authorities) (total),746,712,687,653,621,620,640,604,599,648,,,,,,,,,,,,,,
Registered psychiatric nurses,Saskatchewan,Far North Zone,5,3,3,4,5,3,2,3,2,2,,,,,,,,,,,,,,
Registered psychiatric nurses,Saskatchewan,North Central West Zone,90,81,83,87,78,82,81,72,73,87,,,,,,,,,,,,,,
Registered psychiatric nurses,Saskatchewan,North Central East Zone,66,60,60,56,47,46,48,45,46,48,,,,,,,,,,,,,,
Registered psychiatric nurses,Saskatchewan,Saskatoon Zone,103,132,117,95,99,97,109,105,96,103,,,,,,,,,,,,,,
Registered psychiatric nurses,Saskatchewan,South West Zone,112,95,90,83,68,61,62,61,55,63,,,,,,,,,,,,,,
Registered psychiatric nurses,Saskatchewan,South East Zone,120,117,112,117,109,113,112,102,97,106,,,,,,,,,,,,,,
Registered psychiatric nurses,Saskatchewan,Regina Zone,248,210,208,207,211,212,219,215,229,236,,,,,,,,,,,,,,
Registered psychiatric nurses,Saskatchewan,Other*,2,14,14,4,4,6,7,1,1,3,,,,,,,,,,,,,,
Registered psychiatric nurses,Alberta,Alberta (regional health authorities) (total),"1,114","1,084","1,093","1,093","1,087","1,080","1,066","1,083","1,108","1,114",,,,,,,,,,,,,,
Registered psychiatric nurses,Alberta,South Zone,46,42,40,39,33,32,31,34,33,31,,,,,,,,,,,,,,
Registered psychiatric nurses,Alberta,Calgary Zone,212,209,200,201,196,202,191,192,203,206,,,,,,,,,,,,,,
Registered psychiatric nurses,Alberta,Central Zone,337,329,337,334,336,324,319,311,317,316,,,,,,,,,,,,,,
Registered psychiatric nurses,Alberta,Edmonton Zone,466,452,458,461,466,470,474,490,492,499,,,,,,,,,,,,,,
Registered psychiatric nurses,Alberta,North Zone,49,41,48,49,44,45,43,47,52,55,,,,,,,,,,,,,,
Registered psychiatric nurses,Alberta,Other*,4,11,10,9,12,7,8,9,11,7,,,,,,,,,,,,,,
Registered psychiatric nurses,British Columbia,British Columbia (health service delivery areas) (total),"2,088","2,231","2,261","2,253",—,"2,622","2,829","2,936","3,030","3,179",,,,,,,,,,,,,,
Registered psychiatric nurses,British Columbia,East Kootenay HSDA,12,13,15,14,—,16,14,15,18,17,,,,,,,,,,,,,,
Registered psychiatric nurses,British Columbia,Kootenay–Boundary HSDA,23,23,25,26,—,29,33,35,36,38,,,,,,,,,,,,,,
Registered psychiatric nurses,British Columbia,Okanagan HSDA,137,160,164,176,—,183,200,209,217,226,,,,,,,,,,,,,,
Registered psychiatric nurses,British Columbia,Thompson/Cariboo HSDA,99,102,106,106,—,133,152,151,155,176,,,,,,,,,,,,,,
Registered psychiatric nurses,British Columbia,Fraser East HSDA,174,185,176,185,—,233,246,241,245,261,,,,,,,,,,,,,,
Registered psychiatric nurses,British Columbia,Fraser North HSDA,444,475,471,445,—,525,569,608,609,624,,,,,,,,,,,,,,
Registered psychiatric nurses,British Columbia,Fraser South HSDA,356,386,380,376,—,434,472,473,516,551,,,,,,,,,,,,,,
Registered psychiatric nurses,British Columbia,Richmond HSDA,37,48,48,48,—,41,47,50,51,56,,,,,,,,,,,,,,
Registered psychiatric nurses,British Columbia,Vancouver HSDA,404,425,453,459,—,523,552,588,615,640,,,,,,,,,,,,,,
Registered psychiatric nurses,British Columbia,North Shore/Coast Garibaldi HSDA,85,87,96,96,—,110,128,136,139,132,,,,,,,,,,,,,,
Registered psychiatric nurses,British Columbia,South Vancouver Island HSDA,109,117,116,111,—,120,131,133,129,134,,,,,,,,,,,,,,
Registered psychiatric nurses,British Columbia,Central Vancouver Island HSDA,104,110,111,116,—,131,138,151,150,154,,,,,,,,,,,,,,
Registered psychiatric nurses,British Columbia,North Vancouver Island HSDA,31,31,33,31,—,39,46,55,55,55,,,,,,,,,,,,,,
Registered psychiatric nurses,British Columbia,Northwest HSDA,13,11,9,8,—,13,13,14,14,15,,,,,,,,,,,,,,
Registered psychiatric nurses,British Columbia,Northern Interior HSDA,29,33,35,34,—,24,30,32,37,48,,,,,,,,,,,,,,
Registered psychiatric nurses,British Columbia,Northeast HSDA,16,21,21,21,—,26,24,28,31,38,,,,,,,,,,,,,,
Registered psychiatric nurses,British Columbia,Other*,15,4,2,1,—,42,34,17,13,14,,,,,,,,,,,,,,
Registered psychiatric nurses,Yukon,Yukon (total)†,—,—,—,—,—,—,—,—,—,—,,,,,,,,,,,,,,
Registered psychiatric nurses,Northwest Territories/Nunavut,Northwest Territories/Nunavut (total)†,—,—,—,—,—,—,—,—,—,—,,,,,,,,,,,,,,
Registered psychiatric nurses,Jurisdictions with available data,Jurisdictions with available data (total),"4,750","4,856","4,905","4,850","2,542","5,189","5,439","5,551","5,687","5,901",,,,,,,,,,,,,,
Licensed practical nurses,Newfoundland and Labrador,Newfoundland and Labrador (regional integrated health authorities) (total),"2,235","2,226","2,294","2,274","2,277","2,201","2,299","2,333","2,193","2,120",,,,,,,,,,,,,,
Licensed practical nurses,Newfoundland and Labrador,Eastern–Urban Zone,815,788,849,837,834,784,823,833,777,686,,,,,,,,,,,,,,
Licensed practical nurses,Newfoundland and Labrador,Eastern–Rural Zone,371,382,348,359,363,384,402,414,392,328,,,,,,,,,,,,,,
Licensed practical nurses,Newfoundland and Labrador,Central Zone,478,485,507,512,510,470,481,498,469,410,,,,,,,,,,,,,,
Licensed practical nurses,Newfoundland and Labrador,Western Zone,414,406,417,403,399,401,420,418,388,356,,,,,,,,,,,,,,
Licensed practical nurses,Newfoundland and Labrador,Labrador–Grenfell Zone,157,161,172,162,166,160,170,170,162,149,,,,,,,,,,,,,,
Licensed practical nurses,Newfoundland and Labrador,Other*,0,4,1,1,5,2,3,0,5,191,,,,,,,,,,,,,,
Licensed practical nurses,Prince Edward Island,Prince Edward Island (total),506,531,553,531,—,705,693,712,719,739,,,,,,,,,,,,,,
Licensed practical nurses,Prince Edward Island,Health PEI,506,531,553,531,—,705,693,712,719,739,,,,,,,,,,,,,,
Licensed practical nurses,Nova Scotia,Nova Scotia (district health authorities) (total),"3,736","3,803","3,942","3,982","4,044","4,071","4,179","4,344","4,292",—,,,,,,,,,,,,,,
Licensed practical nurses,Nova Scotia,Western Zone,931,945,985,967,999,975,993,"1,036","1,011",—,,,,,,,,,,,,,,
Licensed practical nurses,Nova Scotia,Northern Zone,569,583,609,622,657,693,711,751,729,—,,,,,,,,,,,,,,
Licensed practical nurses,Nova Scotia,Eastern Zone,930,933,950,956,946,943,971,"1,013",989,—,,,,,,,,,,,,,,
Licensed practical nurses,Nova Scotia,Central Zone,"1,304","1,341","1,398","1,436","1,442","1,460","1,504","1,542","1,436",—,,,,,,,,,,,,,,
Licensed practical nurses,Nova Scotia,Other*,2,1,0,1,0,0,0,2,127,—,,,,,,,,,,,,,,
Licensed practical nurses,New Brunswick,New Brunswick (total),"2,875","2,923","2,904","2,963",—,"2,671","2,832","2,917","3,075","3,085",,,,,,,,,,,,,,
Licensed practical nurses,New Brunswick,Zone 1 (Moncton Area),591,597,607,630,—,559,564,577,590,635,,,,,,,,,,,,,,
Licensed practical nurses,New Brunswick,Zone 2 (Saint John Area),749,762,750,776,—,702,605,641,650,684,,,,,,,,,,,,,,
Licensed practical nurses,New Brunswick,Zone 3 (Fredericton Area),599,633,641,664,—,590,834,862,955,922,,,,,,,,,,,,,,
Licensed practical nurses,New Brunswick,Zone 4 (Edmundston Area),217,217,211,211,—,187,182,187,196,194,,,,,,,,,,,,,,
Licensed practical nurses,New Brunswick,Zone 5 (Campbellton Area),173,174,158,152,—,138,64,68,84,74,,,,,,,,,,,,,,
Licensed practical nurses,New Brunswick,Zone 6 (Bathurst Area),379,376,362,359,—,318,279,289,298,274,,,,,,,,,,,,,,
Licensed practical nurses,New Brunswick,Zone 7 (Miramichi Area),160,157,159,162,—,155,149,151,155,158,,,,,,,,,,,,,,
Licensed practical nurses,New Brunswick,Other*,7,7,16,9,—,22,155,142,147,144,,,,,,,,,,,,,,
Licensed practical nurses,Quebec,Quebec (health regions) (total),"24,268","24,021","23,644","22,929","23,824","25,391","24,513","24,222","24,720","25,873",,,,,,,,,,,,,,
Licensed practical nurses,Quebec,Bas-Saint-Laurent Region,719,720,699,663,665,683,661,632,626,651,,,,,,,,,,,,,,
Licensed practical nurses,Quebec,Saguenay–Lac-Saint-Jean Region,981,913,893,860,855,895,832,819,827,842,,,,,,,,,,,,,,
Licensed practical nurses,Quebec,Capitale-Nationale Region,"2,569","2,538","2,499","2,378","2,442","2,608","2,407","2,296","2,277","2,358",,,,,,,,,,,,,,
Licensed practical nurses,Quebec,Mauricie et Centre-du-Québec Region,"1,466","1,445","1,422","1,332","1,372","1,447","1,420","1,376","1,398","1,468",,,,,,,,,,,,,,
Licensed practical nurses,Quebec,Estrie Region,"1,479","1,492","1,489","1,478","1,534","1,583","1,526","1,486","1,465","1,495",,,,,,,,,,,,,,
Licensed practical nurses,Quebec,Montréal Region,"7,486","7,304","7,029","6,884","7,092","7,546","7,321","7,343","7,474","7,889",,,,,,,,,,,,,,
Licensed practical nurses,Quebec,Outaouais Region,813,798,796,765,774,814,783,774,764,808,,,,,,,,,,,,,,
Licensed practical nurses,Quebec,Abitibi-Témiscamingue Region,443,442,450,429,408,442,444,428,452,455,,,,,,,,,,,,,,
Licensed practical nurses,Quebec,Côte-Nord Region,249,237,240,236,248,273,264,252,253,250,,,,,,,,,,,,,,
Licensed practical nurses,Quebec,Nord-du-Québec Region,50,49,47,43,44,42,42,39,34,34,,,,,,,,,,,,,,
Licensed practical nurses,Quebec,Gaspésie–Îles-de-la-Madeleine Region,418,394,369,355,364,374,348,354,346,387,,,,,,,,,,,,,,
Licensed practical nurses,Quebec,Chaudière-Appalaches Region,"1,111","1,093","1,085","1,033","1,053","1,093","1,070","1,020","1,050","1,098",,,,,,,,,,,,,,
Licensed practical nurses,Quebec,Laval Region,942,"1,028","1,115","1,072","1,145","1,269","1,260","1,279","1,344","1,389",,,,,,,,,,,,,,
Licensed practical nurses,Quebec,Lanaudière Region,"1,012","1,004","1,014","1,011","1,080","1,188","1,185","1,222","1,282","1,364",,,,,,,,,,,,,,
Licensed practical nurses,Quebec,Laurentides Region,"1,504","1,501","1,492","1,454","1,567","1,711","1,692","1,667","1,781","1,861",,,,,,,,,,,,,,
Licensed practical nurses,Quebec,Montérégie Region,"3,011","3,049","2,996","2,928","3,174","3,410","3,243","3,215","3,321","3,495",,,,,,,,,,,,,,
Licensed practical nurses,Quebec,Nunavik Region,11,10,9,8,7,13,11,12,12,16,,,,,,,,,,,,,,
Licensed practical nurses,Quebec,Terres-Cries-de-la-Baie-James Region,0,0,0,0,0,0,0,4,9,8,,,,,,,,,,,,,,
Licensed practical nurses,Quebec,Other*,4,4,0,0,0,0,4,4,5,5,,,,,,,,,,,,,,
Licensed practical nurses,Ontario,Ontario (health regions) (total),"37,871","40,146","41,670","43,582","45,971","47,209","48,021","49,535","50,606","51,326",,,,,,,,,,,,,,
Licensed practical nurses,Ontario,West Region,"12,425","13,055","13,575","14,121","14,820","15,109","15,452","15,606","15,927","16,255",,,,,,,,,,,,,,
Licensed practical nurses,Ontario,Central Region,"6,384","6,985","7,411","7,965","8,419","8,693","8,770","9,409","9,810","9,803",,,,,,,,,,,,,,
Licensed practical nurses,Ontario,Toronto Region,"6,676","7,094","7,505","7,930","8,432","8,782","9,188","9,706","9,862","9,879",,,,,,,,,,,,,,
Licensed practical nurses,Ontario,East Region,"8,516","9,047","9,207","9,495","10,095","10,340","10,371","10,545","10,736","11,070",,,,,,,,,,,,,,
Licensed practical nurses,Ontario,North East Region,"2,678","2,740","2,762","2,860","2,949","2,980","2,962","2,982","2,992","3,042",,,,,,,,,,,,,,
Licensed practical nurses,Ontario,North West Region,"1,167","1,202","1,194","1,206","1,247","1,292","1,270","1,275","1,268","1,259",,,,,,,,,,,,,,
Licensed practical nurses,Ontario,Other*,25,23,16,5,9,13,8,12,11,18,,,,,,,,,,,,,,
Licensed practical nurses,Manitoba,Manitoba (regional health authorities) (total),"2,941","3,008","3,064","3,113","3,248","3,247","3,372","3,193","3,220","3,260",,,,,,,,,,,,,,
Licensed practical nurses,Manitoba,Winnipeg–Churchill Health Region,"1,193","1,235","1,248","1,306","1,360","1,383","1,462","1,429","1,432","1,443",,,,,,,,,,,,,,
Licensed practical nurses,Manitoba,Prairie Mountain Health Region,831,841,858,847,868,868,916,853,853,878,,,,,,,,,,,,,,
Licensed practical nurses,Manitoba,Interlake–Eastern Health Region,282,297,303,311,325,317,314,289,308,311,,,,,,,,,,,,,,
Licensed practical nurses,Manitoba,Northern Health Region,154,150,143,136,134,129,129,123,114,129,,,,,,,,,,,,,,
Licensed practical nurses,Manitoba,Southern Health Region,481,485,512,513,560,549,540,493,504,492,,,,,,,,,,,,,,
Licensed practical nurses,Manitoba,Other*,0,0,0,0,1,1,11,6,9,7,,,,,,,,,,,,,,
Licensed practical nurses,Saskatchewan,Saskatchewan (regional health authorities) (total),"3,073","3,188","3,159","3,104","3,027","3,275","3,255","3,261","3,348","3,381",,,,,,,,,,,,,,
Licensed practical nurses,Saskatchewan,Far North Zone,54,60,57,64,36,42,37,37,45,38,,,,,,,,,,,,,,
Licensed practical nurses,Saskatchewan,North Central West Zone,328,337,320,313,301,341,332,341,356,372,,,,,,,,,,,,,,
Licensed practical nurses,Saskatchewan,North Central East Zone,387,398,419,406,355,407,388,387,397,384,,,,,,,,,,,,,,
Licensed practical nurses,Saskatchewan,Saskatoon Zone,654,699,691,680,654,710,721,733,751,776,,,,,,,,,,,,,,
Licensed practical nurses,Saskatchewan,South West Zone,350,369,365,353,293,305,299,287,289,303,,,,,,,,,,,,,,
Licensed practical nurses,Saskatchewan,South East Zone,545,554,531,512,486,504,499,492,501,511,,,,,,,,,,,,,,
Licensed practical nurses,Saskatchewan,Regina Zone,749,767,774,775,704,774,797,794,804,784,,,,,,,,,,,,,,
Licensed practical nurses,Saskatchewan,Other*,6,4,2,1,198,192,182,190,205,213,,,,,,,,,,,,,,
Licensed practical nurses,Alberta,Alberta (regional health authorities) (total),"10,221","10,954","11,504","11,248","12,130","13,060","13,661","13,844","14,247","14,149",,,,,,,,,,,,,,
Licensed practical nurses,Alberta,South Zone,888,931,971,949,993,"1,045","1,068","1,048","1,082","1,129",,,,,,,,,,,,,,
Licensed practical nurses,Alberta,Calgary Zone,"3,031","3,316","3,580","3,459","3,813","4,141","4,399","4,474","4,692","4,684",,,,,,,,,,,,,,
Licensed practical nurses,Alberta,Central Zone,"1,468","1,533","1,610","1,558","1,679","1,768","1,824","1,824","1,829","1,799",,,,,,,,,,,,,,
Licensed practical nurses,Alberta,Edmonton Zone,"3,705","4,002","4,142","4,133","4,397","4,754","4,951","5,165","5,322","5,227",,,,,,,,,,,,,,
Licensed practical nurses,Alberta,North Zone,"1,129","1,172","1,201","1,149","1,198","1,274","1,322","1,316","1,307","1,293",,,,,,,,,,,,,,
Licensed practical nurses,Alberta,Other*,0,0,0,0,50,78,97,17,15,17,,,,,,,,,,,,,,
Licensed practical nurses,British Columbia,British Columbia (health service delivery areas) (total),"9,993","10,250","10,138","10,527","10,773","11,228","12,001","12,259","12,344","12,811",,,,,,,,,,,,,,
Licensed practical nurses,British Columbia,East Kootenay HSDA,228,215,209,223,228,237,246,256,262,279,,,,,,,,,,,,,,
Licensed practical nurses,British Columbia,Kootenay–Boundary HSDA,187,191,176,186,187,184,196,181,173,171,,,,,,,,,,,,,,
Licensed practical nurses,British Columbia,Okanagan HSDA,"1,251","1,283","1,279","1,323","1,358","1,414","1,484","1,471","1,462","1,501",,,,,,,,,,,,,,
Licensed practical nurses,British Columbia,Thompson/Cariboo HSDA,549,566,541,561,591,623,685,681,735,731,,,,,,,,,,,,,,
Licensed practical nurses,British Columbia,Fraser East HSDA,641,676,687,718,770,789,835,890,891,934,,,,,,,,,,,,,,
Licensed practical nurses,British Columbia,Fraser North HSDA,"1,133","1,194","1,172","1,195","1,221","1,261","1,371","1,408","1,428","1,528",,,,,,,,,,,,,,
Licensed practical nurses,British Columbia,Fraser South HSDA,"1,491","1,519","1,529","1,531","1,542","1,608","1,701","1,812","1,827","1,854",,,,,,,,,,,,,,
Licensed practical nurses,British Columbia,Richmond HSDA,203,202,202,214,218,223,275,296,308,312,,,,,,,,,,,,,,
Licensed practical nurses,British Columbia,Vancouver HSDA,"1,210","1,162","1,212","1,253","1,274","1,339","1,503","1,617","1,614","1,752",,,,,,,,,,,,,,
Licensed practical nurses,British Columbia,North Shore/Coast Garibaldi HSDA,477,497,452,505,505,551,562,550,550,564,,,,,,,,,,,,,,
Licensed practical nurses,British Columbia,South Vancouver Island HSDA,892,905,921,936,937,993,"1,054","1,032","1,016","1,041",,,,,,,,,,,,,,
Licensed practical nurses,British Columbia,Central Vancouver Island HSDA,798,769,740,775,797,849,914,909,921,946,,,,,,,,,,,,,,
Licensed practical nurses,British Columbia,North Vancouver Island HSDA,278,293,307,321,348,345,382,386,397,406,,,,,,,,,,,,,,
Licensed practical nurses,British Columbia,Northwest HSDA,154,163,154,159,153,157,153,142,142,146,,,,,,,,,,,,,,
Licensed practical nurses,British Columbia,Northern Interior HSDA,370,386,387,393,401,410,431,426,442,458,,,,,,,,,,,,,,
Licensed practical nurses,British Columbia,Northeast HSDA,129,130,118,130,139,150,150,145,132,145,,,,,,,,,,,,,,
Licensed practical nurses,British Columbia,Other*,2,99,52,104,104,95,59,57,44,43,,,,,,,,,,,,,,
Licensed practical nurses,Yukon,Yukon (total)†,107,104,—,—,—,—,—,—,—,—,,,,,,,,,,,,,,
Licensed practical nurses,Northwest Territories,Northwest Territories (total)†,105,115,105,104,111,135,—,144,160,—,,,,,,,,,,,,,,
Licensed practical nurses,Nunavut,Nunavut (total)†,—,—,—,—,—,—,—,—,—,—,,,,,,,,,,,,,,
Licensed practical nurses,Northwest Territories/Nunavut,Northwest Territories/Nunavut (total)†,—,—,—,—,—,—,—,—,—,—,,,,,,,,,,,,,,
Licensed practical nurses,Jurisdictions with available data,Jurisdictions with available data (total),"97,931","101,269","102,977","104,357","105,405","113,193","114,826","116,764","118,924","116,744",,,,,,,,,,,,,,
